Time,$/MWh
2019-11-22 00:00:00,24.65
2019-11-22 00:05:00,25.84
2019-11-22 00:10:00,25.84
2019-11-22 00:15:00,25.83
2019-11-22 00:20:00,25.6
2019-11-22 00:25:00,25.6
2019-11-22 00:30:00,25.6
2019-11-22 00:35:00,24.68
2019-11-22 00:40:00,24.68
2019-11-22 00:45:00,24.68
2019-11-22 00:50:00,25.86
2019-11-22 00:55:00,25.83
2019-11-22 01:00:00,27.48
2019-11-22 01:05:00,27.48
2019-11-22 01:10:00,27.48
2019-11-22 01:15:00,27.04
2019-11-22 01:20:00,28.14
2019-11-22 01:25:00,26.25
2019-11-22 01:30:00,26.25
2019-11-22 01:35:00,26.19
2019-11-22 01:40:00,26.19
2019-11-22 01:45:00,26.19
2019-11-22 01:50:00,25.72
2019-11-22 01:55:00,25.72
2019-11-22 02:00:00,25.79
2019-11-22 02:05:00,25.79
2019-11-22 02:10:00,26.18
2019-11-22 02:15:00,26.18
2019-11-22 02:20:00,26.18
2019-11-22 02:25:00,26.18
2019-11-22 02:30:00,25.81
2019-11-22 02:35:00,26.09
2019-11-22 02:40:00,26.09
2019-11-22 02:45:00,25.82
2019-11-22 02:50:00,25.82
2019-11-22 02:55:00,25.82
2019-11-22 03:00:00,25.41
2019-11-22 03:05:00,25.67
2019-11-22 03:10:00,25.67
2019-11-22 03:15:00,25.67
2019-11-22 03:20:00,25.67
2019-11-22 03:25:00,25.38
2019-11-22 03:30:00,25.39
2019-11-22 03:35:00,25.39
2019-11-22 03:40:00,25.75
2019-11-22 03:45:00,25.75
2019-11-22 03:50:00,26.13
2019-11-22 03:55:00,26.13
2019-11-22 04:00:00,26.13
2019-11-22 04:05:00,25.12
2019-11-22 04:10:00,25.12
2019-11-22 04:15:00,26.25
2019-11-22 04:20:00,26.46
2019-11-22 04:25:00,26.46
2019-11-22 04:30:00,26.46
2019-11-22 04:35:00,26.47
2019-11-22 04:40:00,29.66
2019-11-22 04:45:00,29.66
2019-11-22 04:50:00,29.66
2019-11-22 04:55:00,31.35
2019-11-22 05:00:00,31.35
2019-11-22 05:05:00,31.35
2019-11-22 05:10:00,24.85
2019-11-22 05:15:00,24.85
2019-11-22 05:20:00,32.13
2019-11-22 05:25:00,41.12
2019-11-22 05:30:00,41.12
2019-11-22 05:35:00,41.12
2019-11-22 05:40:00,62.72
2019-11-22 05:45:00,62.72
2019-11-22 05:50:00,48.69
2019-11-22 05:55:00,48.69
2019-11-22 06:00:00,48.69
2019-11-22 06:05:00,50.48
2019-11-22 06:10:00,50.48
2019-11-22 06:15:00,51.15
2019-11-22 06:20:00,51.39
2019-11-22 06:25:00,51.39
2019-11-22 06:30:00,51.15
2019-11-22 06:35:00,51.15
2019-11-22 06:40:00,51.15
2019-11-22 06:45:00,51.15
2019-11-22 06:50:00,57.98
2019-11-22 06:55:00,57.98
2019-11-22 07:00:00,48.05
2019-11-22 07:05:00,47.81
2019-11-22 07:10:00,47.81
2019-11-22 07:15:00,47.81
2019-11-22 07:20:00,52.48
2019-11-22 07:25:00,47.93
2019-11-22 07:30:00,47.93
2019-11-22 07:35:00,48.95
2019-11-22 07:40:00,47.9
2019-11-22 07:45:00,47.9
2019-11-22 07:50:00,46.85
2019-11-22 07:55:00,46.85
2019-11-22 08:00:00,46.85
2019-11-22 08:05:00,47.92
2019-11-22 08:10:00,46.95
2019-11-22 08:15:00,46.95
2019-11-22 08:20:00,43.28
2019-11-22 08:25:00,43.28
2019-11-22 08:30:00,43.28
2019-11-22 08:35:00,46.86
2019-11-22 08:40:00,46.85
2019-11-22 08:45:00,46.85
2019-11-22 08:50:00,47.89
2019-11-22 08:55:00,47.89
2019-11-22 09:00:00,47.89
2019-11-22 09:05:00,53.95
2019-11-22 09:10:00,53.95
2019-11-22 09:15:00,53.95
2019-11-22 09:20:00,53.94
2019-11-22 09:25:00,53.94
2019-11-22 09:30:00,52.5
2019-11-22 09:35:00,52.52
2019-11-22 09:40:00,52.52
2019-11-22 09:45:00,52.52
2019-11-22 09:50:00,47.73
2019-11-22 09:55:00,48.58
2019-11-22 10:00:00,48.58
2019-11-22 10:05:00,51.7
2019-11-22 10:10:00,51.7
2019-11-22 10:15:00,51.7
2019-11-22 10:20:00,52.83
2019-11-22 10:25:00,52.83
2019-11-22 10:30:00,52.83
2019-11-22 10:35:00,51.78
2019-11-22 10:40:00,51.78
2019-11-22 10:45:00,49.79
2019-11-22 10:50:00,49.79
2019-11-22 10:55:00,49.79
2019-11-22 11:00:00,49.79
2019-11-22 11:05:00,59.8
2019-11-22 11:10:00,59.8
2019-11-22 11:15:00,59.8
2019-11-22 11:20:00,59.8
2019-11-22 11:25:00,50.92
2019-11-22 11:30:00,50.92
2019-11-22 11:35:00,50.94
2019-11-22 11:40:00,50.94
2019-11-22 11:45:00,50.94
2019-11-22 11:50:00,50.94
2019-11-22 11:55:00,51.03
2019-11-22 12:00:00,51.03
2019-11-22 12:05:00,63.09
2019-11-22 12:10:00,63.09
2019-11-22 12:15:00,63.09
2019-11-22 12:20:00,54.7
2019-11-22 12:25:00,54.78
2019-11-22 12:30:00,54.78
2019-11-22 12:35:00,72.16
2019-11-22 12:40:00,74.04
2019-11-22 12:45:00,74.04
2019-11-22 12:50:00,73.95
2019-11-22 12:55:00,73.95
2019-11-22 13:00:00,73.95
2019-11-22 13:05:00,71.99
2019-11-22 13:10:00,71.99
2019-11-22 13:15:00,71.99
2019-11-22 13:20:00,72.16
2019-11-22 13:25:00,72.16
2019-11-22 13:30:00,72.16
2019-11-22 13:35:00,71.91
2019-11-22 13:40:00,71.91
2019-11-22 13:45:00,62.52
2019-11-22 13:50:00,62.64
2019-11-22 13:55:00,62.64
2019-11-22 14:00:00,62.64
2019-11-22 14:05:00,62.92
2019-11-22 14:10:00,62.93
2019-11-22 14:15:00,62.93
2019-11-22 14:20:00,63.13
2019-11-22 14:25:00,60.56
2019-11-22 14:30:00,60.56
2019-11-22 14:35:00,47.62
2019-11-22 14:40:00,47.6
2019-11-22 14:45:00,47.6
2019-11-22 14:50:00,50.92
2019-11-22 14:55:00,50.91
2019-11-22 15:00:00,50.91
2019-11-22 15:05:00,55.0
2019-11-22 15:10:00,54.78
2019-11-22 15:15:00,54.78
2019-11-22 15:20:00,51.97
2019-11-22 15:25:00,52.02
2019-11-22 15:30:00,52.02
2019-11-22 15:35:00,54.81
2019-11-22 15:40:00,54.83
2019-11-22 15:45:00,54.83
2019-11-22 15:50:00,54.83
2019-11-22 15:55:00,54.83
2019-11-22 16:00:00,54.83
2019-11-22 16:05:00,52.24
2019-11-22 16:10:00,52.24
2019-11-22 16:15:00,52.24
2019-11-22 16:20:00,55.26
2019-11-22 16:25:00,55.21
2019-11-22 16:30:00,55.21
2019-11-22 16:35:00,55.19
2019-11-22 16:40:00,55.19
2019-11-22 16:45:00,55.19
2019-11-22 16:50:00,60.62
2019-11-22 16:55:00,60.62
2019-11-22 17:00:00,60.62
2019-11-22 17:05:00,55.16
2019-11-22 17:10:00,55.22
2019-11-22 17:15:00,55.22
2019-11-22 17:20:00,55.19
2019-11-22 17:25:00,55.19
2019-11-22 17:30:00,55.19
2019-11-22 17:35:00,62.88
2019-11-22 17:40:00,62.88
2019-11-22 17:45:00,62.88
2019-11-22 17:50:00,61.76
2019-11-22 17:55:00,61.76
2019-11-22 18:00:00,61.76
2019-11-22 18:05:00,51.46
2019-11-22 18:10:00,51.46
2019-11-22 18:15:00,51.46
2019-11-22 18:20:00,51.46
2019-11-22 18:25:00,51.46
2019-11-22 18:30:00,51.46
2019-11-22 18:35:00,52.53
2019-11-22 18:40:00,52.53
2019-11-22 18:45:00,52.53
2019-11-22 18:50:00,51.36
2019-11-22 18:55:00,51.36
2019-11-22 19:00:00,51.14
2019-11-22 19:05:00,51.24
2019-11-22 19:10:00,67.65
2019-11-22 19:15:00,67.65
2019-11-22 19:20:00,45.76
2019-11-22 19:25:00,45.76
2019-11-22 19:30:00,45.76
2019-11-22 19:35:00,45.76
2019-11-22 19:40:00,38.05
2019-11-22 19:45:00,45.42
2019-11-22 19:50:00,38.64
2019-11-22 19:55:00,38.64
2019-11-22 20:00:00,38.64
2019-11-22 20:05:00,45.42
2019-11-22 20:10:00,49.25
2019-11-22 20:15:00,49.25
2019-11-22 20:20:00,58.74
2019-11-22 20:25:00,54.11
2019-11-22 20:30:00,58.99
2019-11-22 20:35:00,61.93
2019-11-22 20:40:00,61.95
2019-11-22 20:45:00,48.43
2019-11-22 20:50:00,48.43
2019-11-22 20:55:00,62.91
2019-11-22 21:00:00,62.91
2019-11-22 21:05:00,62.8
2019-11-22 21:10:00,62.8
2019-11-22 21:15:00,62.8
2019-11-22 21:20:00,62.74
2019-11-22 21:25:00,54.95
2019-11-22 21:30:00,59.8
2019-11-22 21:35:00,59.98
2019-11-22 21:40:00,84.54
2019-11-22 21:45:00,109.08
2019-11-22 21:50:00,84.71
2019-11-22 21:55:00,55.49
2019-11-22 22:00:00,60.32
2019-11-22 22:05:00,99.97
2019-11-22 22:10:00,60.32
2019-11-22 22:15:00,55.23
2019-11-22 22:20:00,95.26
2019-11-22 22:25:00,79.99
2019-11-22 22:30:00,79.99
2019-11-22 22:35:00,49.68
2019-11-22 22:40:00,49.68
2019-11-22 22:45:00,49.68
2019-11-22 22:50:00,22.06
2019-11-22 22:55:00,22.06
2019-11-22 23:00:00,22.06
2019-11-22 23:05:00,22.19
2019-11-22 23:10:00,22.8
2019-11-22 23:15:00,22.9
2019-11-22 23:20:00,23.05
2019-11-22 23:25:00,23.05
2019-11-22 23:30:00,23.81
2019-11-22 23:35:00,24.16
2019-11-22 23:40:00,24.16
2019-11-22 23:45:00,24.16
2019-11-22 23:50:00,22.28
2019-11-22 23:55:00,22.28
2019-11-23 00:00:00,22.28
2019-11-23 00:05:00,24.14
2019-11-23 00:10:00,23.84
2019-11-23 00:15:00,24.03
2019-11-23 00:20:00,23.99
2019-11-23 00:25:00,24.02
2019-11-23 00:30:00,24.02
2019-11-23 00:35:00,24.02
2019-11-23 00:40:00,30.62
2019-11-23 00:45:00,30.59
2019-11-23 00:50:00,30.54
2019-11-23 00:55:00,38.36
2019-11-23 01:00:00,58.43
2019-11-23 01:05:00,58.5
2019-11-23 01:10:00,58.47
2019-11-23 01:15:00,58.47
2019-11-23 01:20:00,25.18
2019-11-23 01:25:00,35.83
2019-11-23 01:30:00,35.83
2019-11-23 01:35:00,41.51
2019-11-23 01:40:00,41.51
2019-11-23 01:45:00,50.4
2019-11-23 01:50:00,50.4
2019-11-23 01:55:00,50.4
2019-11-23 02:00:00,50.46
2019-11-23 02:05:00,50.46
2019-11-23 02:10:00,126.15
2019-11-23 02:15:00,77.67
2019-11-23 02:20:00,77.67
2019-11-23 02:25:00,77.67
2019-11-23 02:30:00,77.67
2019-11-23 02:35:00,54.62
2019-11-23 02:40:00,50.61
2019-11-23 02:45:00,50.61
2019-11-23 02:50:00,50.21
2019-11-23 02:55:00,41.38
2019-11-23 03:00:00,41.38
2019-11-23 03:05:00,49.89
2019-11-23 03:10:00,49.89
2019-11-23 03:15:00,49.89
2019-11-23 03:20:00,50.2
2019-11-23 03:25:00,50.2
2019-11-23 03:30:00,50.71
2019-11-23 03:35:00,50.71
2019-11-23 03:40:00,50.71
2019-11-23 03:45:00,50.71
2019-11-23 03:50:00,50.46
2019-11-23 03:55:00,50.46
2019-11-23 04:00:00,50.25
2019-11-23 04:05:00,41.36
2019-11-23 04:10:00,41.36
2019-11-23 04:15:00,104.39
2019-11-23 04:20:00,104.52
2019-11-23 04:25:00,104.52
2019-11-23 04:30:00,104.52
2019-11-23 04:35:00,60.45
2019-11-23 04:40:00,60.45
2019-11-23 04:45:00,81.89
2019-11-23 04:50:00,104.14
2019-11-23 04:55:00,124.57
2019-11-23 05:00:00,42.07
2019-11-23 05:05:00,42.48
2019-11-23 05:10:00,82.75
2019-11-23 05:15:00,82.75
2019-11-23 05:20:00,46.81
2019-11-23 05:25:00,46.81
2019-11-23 05:30:00,41.15
2019-11-23 05:35:00,42.05
2019-11-23 05:40:00,45.96
2019-11-23 05:45:00,45.96
2019-11-23 05:50:00,58.5
2019-11-23 05:55:00,58.51
2019-11-23 06:00:00,77.38
2019-11-23 06:05:00,54.22
2019-11-23 06:10:00,50.2
2019-11-23 06:15:00,51.38
2019-11-23 06:20:00,51.38
2019-11-23 06:25:00,51.38
2019-11-23 06:30:00,51.38
2019-11-23 06:35:00,60.77
2019-11-23 06:40:00,60.77
2019-11-23 06:45:00,60.77
2019-11-23 06:50:00,72.59
2019-11-23 06:55:00,72.69
2019-11-23 07:00:00,72.69
2019-11-23 07:05:00,72.7
2019-11-23 07:10:00,72.7
2019-11-23 07:15:00,72.7
2019-11-23 07:20:00,61.82
2019-11-23 07:25:00,61.82
2019-11-23 07:30:00,61.82
2019-11-23 07:35:00,61.49
2019-11-23 07:40:00,61.49
2019-11-23 07:45:00,61.49
2019-11-23 07:50:00,62.7
2019-11-23 07:55:00,62.7
2019-11-23 08:00:00,62.7
2019-11-23 08:05:00,68.2
2019-11-23 08:10:00,68.2
2019-11-23 08:15:00,68.2
2019-11-23 08:20:00,77.43
2019-11-23 08:25:00,77.43
2019-11-23 08:30:00,56.37
2019-11-23 08:35:00,56.37
2019-11-23 08:40:00,56.37
2019-11-23 08:45:00,56.37
2019-11-23 08:50:00,68.1
2019-11-23 08:55:00,55.4
2019-11-23 09:00:00,77.23
2019-11-23 09:05:00,77.23
2019-11-23 09:10:00,62.77
2019-11-23 09:15:00,55.95
2019-11-23 09:20:00,55.54
2019-11-23 09:25:00,55.5
2019-11-23 09:30:00,55.5
2019-11-23 09:35:00,62.67
2019-11-23 09:40:00,55.32
2019-11-23 09:45:00,55.32
2019-11-23 09:50:00,55.38
2019-11-23 09:55:00,55.38
2019-11-23 10:00:00,51.5
2019-11-23 10:05:00,55.25
2019-11-23 10:10:00,32.37
2019-11-23 10:15:00,32.37
2019-11-23 10:20:00,32.13
2019-11-23 10:25:00,32.13
2019-11-23 10:30:00,32.18
2019-11-23 10:35:00,36.48
2019-11-23 10:40:00,32.19
2019-11-23 10:45:00,32.19
2019-11-23 10:50:00,23.23
2019-11-23 10:55:00,23.23
2019-11-23 11:00:00,23.23
2019-11-23 11:05:00,24.38
2019-11-23 11:10:00,24.38
2019-11-23 11:15:00,24.38
2019-11-23 11:20:00,31.68
2019-11-23 11:25:00,31.68
2019-11-23 11:30:00,31.67
2019-11-23 11:35:00,31.52
2019-11-23 11:40:00,31.52
2019-11-23 11:45:00,31.52
2019-11-23 11:50:00,30.27
2019-11-23 11:55:00,21.01
2019-11-23 12:00:00,21.01
2019-11-23 12:05:00,23.24
2019-11-23 12:10:00,23.33
2019-11-23 12:15:00,23.11
2019-11-23 12:20:00,23.11
2019-11-23 12:25:00,23.1
2019-11-23 12:30:00,23.1
2019-11-23 12:35:00,22.56
2019-11-23 12:40:00,22.2
2019-11-23 12:45:00,22.43
2019-11-23 12:50:00,22.43
2019-11-23 12:55:00,22.17
2019-11-23 13:00:00,22.17
2019-11-23 13:05:00,22.16
2019-11-23 13:10:00,22.87
2019-11-23 13:15:00,22.87
2019-11-23 13:20:00,22.87
2019-11-23 13:25:00,23.25
2019-11-23 13:30:00,23.26
2019-11-23 13:35:00,23.26
2019-11-23 13:40:00,23.85
2019-11-23 13:45:00,26.57
2019-11-23 13:50:00,26.59
2019-11-23 13:55:00,26.54
2019-11-23 14:00:00,28.31
2019-11-23 14:05:00,30.32
2019-11-23 14:10:00,30.32
2019-11-23 14:15:00,28.72
2019-11-23 14:20:00,28.29
2019-11-23 14:25:00,30.3
2019-11-23 14:30:00,28.26
2019-11-23 14:35:00,30.29
2019-11-23 14:40:00,30.31
2019-11-23 14:45:00,30.31
2019-11-23 14:50:00,30.3
2019-11-23 14:55:00,30.31
2019-11-23 15:00:00,31.14
2019-11-23 15:05:00,39.91
2019-11-23 15:10:00,30.97
2019-11-23 15:15:00,31.08
2019-11-23 15:20:00,28.84
2019-11-23 15:25:00,30.99
2019-11-23 15:30:00,30.99
2019-11-23 15:35:00,25.95
2019-11-23 15:40:00,28.89
2019-11-23 15:45:00,40.07
2019-11-23 15:50:00,28.92
2019-11-23 15:55:00,31.48
2019-11-23 16:00:00,31.48
2019-11-23 16:05:00,28.98
2019-11-23 16:10:00,28.98
2019-11-23 16:15:00,33.41
2019-11-23 16:20:00,32.54
2019-11-23 16:25:00,45.15
2019-11-23 16:30:00,45.15
2019-11-23 16:35:00,45.44
2019-11-23 16:40:00,53.29
2019-11-23 16:45:00,57.24
2019-11-23 16:50:00,67.95
2019-11-23 16:55:00,67.95
2019-11-23 17:00:00,67.95
2019-11-23 17:05:00,53.38
2019-11-23 17:10:00,45.62
2019-11-23 17:15:00,52.87
2019-11-23 17:20:00,46.94
2019-11-23 17:25:00,45.63
2019-11-23 17:30:00,45.63
2019-11-23 17:35:00,53.16
2019-11-23 17:40:00,44.87
2019-11-23 17:45:00,44.87
2019-11-23 17:50:00,48.95
2019-11-23 17:55:00,38.65
2019-11-23 18:00:00,38.65
2019-11-23 18:05:00,50.94
2019-11-23 18:10:00,45.15
2019-11-23 18:15:00,45.16
2019-11-23 18:20:00,55.72
2019-11-23 18:25:00,55.72
2019-11-23 18:30:00,55.72
2019-11-23 18:35:00,45.36
2019-11-23 18:40:00,45.36
2019-11-23 18:45:00,45.36
2019-11-23 18:50:00,44.96
2019-11-23 18:55:00,44.96
2019-11-23 19:00:00,62.92
2019-11-23 19:05:00,62.92
2019-11-23 19:10:00,62.92
2019-11-23 19:15:00,62.92
2019-11-23 19:20:00,88.04
2019-11-23 19:25:00,88.02
2019-11-23 19:30:00,88.02
2019-11-23 19:35:00,56.65
2019-11-23 19:40:00,59.52
2019-11-23 19:45:00,59.52
2019-11-23 19:50:00,59.48
2019-11-23 19:55:00,59.48
2019-11-23 20:00:00,59.48
2019-11-23 20:05:00,74.0
2019-11-23 20:10:00,74.0
2019-11-23 20:15:00,74.0
2019-11-23 20:20:00,33.47
2019-11-23 20:25:00,33.47
2019-11-23 20:30:00,31.94
2019-11-23 20:35:00,31.94
2019-11-23 20:40:00,31.94
2019-11-23 20:45:00,29.21
2019-11-23 20:50:00,29.21
2019-11-23 20:55:00,29.21
2019-11-23 21:00:00,30.11
2019-11-23 21:05:00,32.88
2019-11-23 21:10:00,32.88
2019-11-23 21:15:00,37.85
2019-11-23 21:20:00,37.85
2019-11-23 21:25:00,37.85
2019-11-23 21:30:00,31.88
2019-11-23 21:35:00,33.29
2019-11-23 21:40:00,33.29
2019-11-23 21:45:00,33.29
2019-11-23 21:50:00,36.68
2019-11-23 21:55:00,36.68
2019-11-23 22:00:00,29.7
2019-11-23 22:05:00,24.98
2019-11-23 22:10:00,24.54
2019-11-23 22:15:00,56.96
2019-11-23 22:20:00,51.31
2019-11-23 22:25:00,51.31
2019-11-23 22:30:00,51.31
2019-11-23 22:35:00,34.8
2019-11-23 22:40:00,34.8
2019-11-23 22:45:00,25.78
2019-11-23 22:50:00,25.78
2019-11-23 22:55:00,25.78
2019-11-23 23:00:00,29.34
2019-11-23 23:05:00,60.59
2019-11-23 23:10:00,58.7
2019-11-23 23:15:00,58.7
2019-11-23 23:20:00,58.6
2019-11-23 23:25:00,58.6
2019-11-23 23:30:00,58.6
2019-11-23 23:35:00,53.17
2019-11-23 23:40:00,53.17
2019-11-23 23:45:00,37.05
2019-11-23 23:50:00,52.99
2019-11-23 23:55:00,52.99
2019-11-24 00:00:00,40.91
2019-11-24 00:05:00,40.91
2019-11-24 00:10:00,40.65
2019-11-24 00:15:00,40.61
2019-11-24 00:20:00,40.61
2019-11-24 00:25:00,40.61
2019-11-24 00:30:00,40.61
2019-11-24 00:35:00,30.87
2019-11-24 00:40:00,30.84
2019-11-24 00:45:00,30.84
2019-11-24 00:50:00,30.77
2019-11-24 00:55:00,30.76
2019-11-24 01:00:00,30.76
2019-11-24 01:05:00,35.15
2019-11-24 01:10:00,35.15
2019-11-24 01:15:00,35.15
2019-11-24 01:20:00,30.76
2019-11-24 01:25:00,30.76
2019-11-24 01:30:00,30.76
2019-11-24 01:35:00,30.8
2019-11-24 01:40:00,30.8
2019-11-24 01:45:00,30.8
2019-11-24 01:50:00,30.86
2019-11-24 01:55:00,30.86
2019-11-24 02:00:00,28.75
2019-11-24 02:05:00,28.75
2019-11-24 02:10:00,28.75
2019-11-24 02:15:00,28.75
2019-11-24 02:20:00,38.68
2019-11-24 02:25:00,38.68
2019-11-24 02:30:00,38.68
2019-11-24 02:35:00,38.68
2019-11-24 02:40:00,28.62
2019-11-24 02:45:00,28.63
2019-11-24 02:50:00,28.63
2019-11-24 02:55:00,28.63
2019-11-24 03:00:00,28.54
2019-11-24 03:05:00,28.54
2019-11-24 03:10:00,28.54
2019-11-24 03:15:00,28.59
2019-11-24 03:20:00,28.59
2019-11-24 03:25:00,28.59
2019-11-24 03:30:00,28.61
2019-11-24 03:35:00,28.61
2019-11-24 03:40:00,28.61
2019-11-24 03:45:00,28.61
2019-11-24 03:50:00,28.62
2019-11-24 03:55:00,28.62
2019-11-24 04:00:00,28.62
2019-11-24 04:05:00,28.55
2019-11-24 04:10:00,28.55
2019-11-24 04:15:00,28.55
2019-11-24 04:20:00,28.54
2019-11-24 04:25:00,28.54
2019-11-24 04:30:00,24.42
2019-11-24 04:35:00,24.42
2019-11-24 04:40:00,24.42
2019-11-24 04:45:00,24.42
2019-11-24 04:50:00,24.42
2019-11-24 04:55:00,24.42
2019-11-24 05:00:00,24.39
2019-11-24 05:05:00,24.39
2019-11-24 05:10:00,24.39
2019-11-24 05:15:00,24.39
2019-11-24 05:20:00,28.58
2019-11-24 05:25:00,28.58
2019-11-24 05:30:00,28.58
2019-11-24 05:35:00,28.55
2019-11-24 05:40:00,28.52
2019-11-24 05:45:00,28.5
2019-11-24 05:50:00,28.5
2019-11-24 05:55:00,28.5
2019-11-24 06:00:00,28.5
2019-11-24 06:05:00,23.8
2019-11-24 06:10:00,23.8
2019-11-24 06:15:00,23.8
2019-11-24 06:20:00,28.71
2019-11-24 06:25:00,28.74
2019-11-24 06:30:00,28.74
2019-11-24 06:35:00,28.74
2019-11-24 06:40:00,28.62
2019-11-24 06:45:00,28.7
2019-11-24 06:50:00,28.7
2019-11-24 06:55:00,28.7
2019-11-24 07:00:00,27.17
2019-11-24 07:05:00,27.05
2019-11-24 07:10:00,27.05
2019-11-24 07:15:00,21.45
2019-11-24 07:20:00,24.05
2019-11-24 07:25:00,27.05
2019-11-24 07:30:00,27.05
2019-11-24 07:35:00,27.46
2019-11-24 07:40:00,27.46
2019-11-24 07:45:00,27.48
2019-11-24 07:50:00,27.48
2019-11-24 07:55:00,27.49
2019-11-24 08:00:00,24.71
2019-11-24 08:05:00,24.81
2019-11-24 08:10:00,24.81
2019-11-24 08:15:00,24.81
2019-11-24 08:20:00,24.45
2019-11-24 08:25:00,24.45
2019-11-24 08:30:00,24.45
2019-11-24 08:35:00,27.5
2019-11-24 08:40:00,27.5
2019-11-24 08:45:00,27.18
2019-11-24 08:50:00,27.47
2019-11-24 08:55:00,27.44
2019-11-24 09:00:00,27.39
2019-11-24 09:05:00,24.59
2019-11-24 09:10:00,27.38
2019-11-24 09:15:00,27.38
2019-11-24 09:20:00,27.4
2019-11-24 09:25:00,27.4
2019-11-24 09:30:00,28.42
2019-11-24 09:35:00,28.42
2019-11-24 09:40:00,28.42
2019-11-24 09:45:00,28.59
2019-11-24 09:50:00,28.59
2019-11-24 09:55:00,28.77
2019-11-24 10:00:00,28.59
2019-11-24 10:05:00,29.13
2019-11-24 10:10:00,28.74
2019-11-24 10:15:00,32.87
2019-11-24 10:20:00,34.21
2019-11-24 10:25:00,34.21
2019-11-24 10:30:00,34.38
2019-11-24 10:35:00,34.38
2019-11-24 10:40:00,34.38
2019-11-24 10:45:00,34.38
2019-11-24 10:50:00,34.33
2019-11-24 10:55:00,34.33
2019-11-24 11:00:00,36.3
2019-11-24 11:05:00,36.3
2019-11-24 11:10:00,36.3
2019-11-24 11:15:00,36.65
2019-11-24 11:20:00,35.3
2019-11-24 11:25:00,35.3
2019-11-24 11:30:00,35.49
2019-11-24 11:35:00,35.3
2019-11-24 11:40:00,35.3
2019-11-24 11:45:00,35.3
2019-11-24 11:50:00,36.71
2019-11-24 11:55:00,36.71
2019-11-24 12:00:00,39.16
2019-11-24 12:05:00,39.16
2019-11-24 12:10:00,38.56
2019-11-24 12:15:00,38.56
2019-11-24 12:20:00,41.71
2019-11-24 12:25:00,41.71
2019-11-24 12:30:00,40.32
2019-11-24 12:35:00,40.32
2019-11-24 12:40:00,41.74
2019-11-24 12:45:00,41.73
2019-11-24 12:50:00,41.73
2019-11-24 12:55:00,40.12
2019-11-24 13:00:00,40.12
2019-11-24 13:05:00,40.12
2019-11-24 13:10:00,38.38
2019-11-24 13:15:00,38.38
2019-11-24 13:20:00,38.38
2019-11-24 13:25:00,37.23
2019-11-24 13:30:00,37.23
2019-11-24 13:35:00,37.25
2019-11-24 13:40:00,37.25
2019-11-24 13:45:00,37.25
2019-11-24 13:50:00,36.82
2019-11-24 13:55:00,36.82
2019-11-24 14:00:00,36.82
2019-11-24 14:05:00,37.03
2019-11-24 14:10:00,37.03
2019-11-24 14:15:00,37.03
2019-11-24 14:20:00,37.02
2019-11-24 14:25:00,36.81
2019-11-24 14:30:00,36.61
2019-11-24 14:35:00,35.61
2019-11-24 14:40:00,35.61
2019-11-24 14:45:00,35.31
2019-11-24 14:50:00,34.44
2019-11-24 14:55:00,34.44
2019-11-24 15:00:00,31.59
2019-11-24 15:05:00,34.08
2019-11-24 15:10:00,34.08
2019-11-24 15:15:00,34.08
2019-11-24 15:20:00,31.78
2019-11-24 15:25:00,29.25
2019-11-24 15:30:00,29.25
2019-11-24 15:35:00,29.25
2019-11-24 15:40:00,29.25
2019-11-24 15:45:00,28.13
2019-11-24 15:50:00,28.13
2019-11-24 15:55:00,28.01
2019-11-24 16:00:00,28.01
2019-11-24 16:05:00,23.18
2019-11-24 16:10:00,23.18
2019-11-24 16:15:00,23.15
2019-11-24 16:20:00,26.88
2019-11-24 16:25:00,28.75
2019-11-24 16:30:00,28.75
2019-11-24 16:35:00,32.12
2019-11-24 16:40:00,33.42
2019-11-24 16:45:00,33.42
2019-11-24 16:50:00,31.78
2019-11-24 16:55:00,31.78
2019-11-24 17:00:00,31.78
2019-11-24 17:05:00,28.71
2019-11-24 17:10:00,28.71
2019-11-24 17:15:00,32.25
2019-11-24 17:20:00,32.25
2019-11-24 17:25:00,32.25
2019-11-24 17:30:00,32.25
2019-11-24 17:35:00,30.28
2019-11-24 17:40:00,30.28
2019-11-24 17:45:00,30.28
2019-11-24 17:50:00,27.99
2019-11-24 17:55:00,27.99
2019-11-24 18:00:00,27.98
2019-11-24 18:05:00,27.98
2019-11-24 18:10:00,27.56
2019-11-24 18:15:00,26.27
2019-11-24 18:20:00,26.27
2019-11-24 18:25:00,26.27
2019-11-24 18:30:00,26.25
2019-11-24 18:35:00,26.18
2019-11-24 18:40:00,26.18
2019-11-24 18:45:00,26.18
2019-11-24 18:50:00,26.19
2019-11-24 18:55:00,25.94
2019-11-24 19:00:00,25.94
2019-11-24 19:05:00,25.75
2019-11-24 19:10:00,25.75
2019-11-24 19:15:00,25.75
2019-11-24 19:20:00,25.81
2019-11-24 19:25:00,25.98
2019-11-24 19:30:00,25.98
2019-11-24 19:35:00,27.5
2019-11-24 19:40:00,26.87
2019-11-24 19:45:00,26.2
2019-11-24 19:50:00,26.2
2019-11-24 19:55:00,26.89
2019-11-24 20:00:00,26.89
2019-11-24 20:05:00,30.22
2019-11-24 20:10:00,30.22
2019-11-24 20:15:00,30.22
2019-11-24 20:20:00,26.7
2019-11-24 20:25:00,27.49
2019-11-24 20:30:00,27.49
2019-11-24 20:35:00,26.13
2019-11-24 20:40:00,26.13
2019-11-24 20:45:00,26.13
2019-11-24 20:50:00,26.17
2019-11-24 20:55:00,26.17
2019-11-24 21:00:00,26.17
2019-11-24 21:05:00,25.34
2019-11-24 21:10:00,25.34
2019-11-24 21:15:00,25.7
2019-11-24 21:20:00,25.7
2019-11-24 21:25:00,25.7
2019-11-24 21:30:00,25.7
2019-11-24 21:35:00,24.8
2019-11-24 21:40:00,24.8
2019-11-24 21:45:00,24.8
2019-11-24 21:50:00,22.51
2019-11-24 21:55:00,22.51
2019-11-24 22:00:00,22.51
2019-11-24 22:05:00,21.17
2019-11-24 22:10:00,22.42
2019-11-24 22:15:00,24.04
2019-11-24 22:20:00,24.04
2019-11-24 22:25:00,24.04
2019-11-24 22:30:00,25.31
2019-11-24 22:35:00,24.39
2019-11-24 22:40:00,24.39
2019-11-24 22:45:00,24.39
2019-11-24 22:50:00,22.51
2019-11-24 22:55:00,25.65
2019-11-24 23:00:00,25.65
2019-11-24 23:05:00,26.0
2019-11-24 23:10:00,26.35
2019-11-24 23:15:00,26.35
2019-11-24 23:20:00,26.13
2019-11-24 23:25:00,26.1
2019-11-24 23:30:00,26.11
2019-11-24 23:35:00,26.34
2019-11-24 23:40:00,26.34
2019-11-24 23:45:00,26.26
2019-11-24 23:50:00,26.26
2019-11-24 23:55:00,26.26
2019-11-25 00:00:00,26.26
2019-11-25 00:05:00,27.2
2019-11-25 00:10:00,31.57
2019-11-25 00:15:00,31.45
2019-11-25 00:20:00,30.89
2019-11-25 00:25:00,27.14
2019-11-25 00:30:00,27.14
2019-11-25 00:35:00,27.12
2019-11-25 00:40:00,27.12
2019-11-25 00:45:00,27.12
2019-11-25 00:50:00,27.14
2019-11-25 00:55:00,27.14
2019-11-25 01:00:00,27.14
2019-11-25 01:05:00,30.67
2019-11-25 01:10:00,30.67
2019-11-25 01:15:00,30.67
2019-11-25 01:20:00,25.95
2019-11-25 01:25:00,25.95
2019-11-25 01:30:00,25.95
2019-11-25 01:35:00,24.85
2019-11-25 01:40:00,24.85
2019-11-25 01:45:00,24.85
2019-11-25 01:50:00,24.5
2019-11-25 01:55:00,24.5
2019-11-25 02:00:00,24.5
2019-11-25 02:05:00,24.69
2019-11-25 02:10:00,24.69
2019-11-25 02:15:00,24.69
2019-11-25 02:20:00,24.88
2019-11-25 02:25:00,24.85
2019-11-25 02:30:00,24.85
2019-11-25 02:35:00,24.83
2019-11-25 02:40:00,24.83
2019-11-25 02:45:00,24.83
2019-11-25 02:50:00,26.0
2019-11-25 02:55:00,26.0
2019-11-25 03:00:00,26.0
2019-11-25 03:05:00,23.16
2019-11-25 03:10:00,23.16
2019-11-25 03:15:00,23.16
2019-11-25 03:20:00,23.0
2019-11-25 03:25:00,23.0
2019-11-25 03:30:00,23.0
2019-11-25 03:35:00,23.08
2019-11-25 03:40:00,23.08
2019-11-25 03:45:00,23.08
2019-11-25 03:50:00,23.08
2019-11-25 03:55:00,23.08
2019-11-25 04:00:00,22.3
2019-11-25 04:05:00,23.0
2019-11-25 04:10:00,23.0
2019-11-25 04:15:00,23.0
2019-11-25 04:20:00,23.25
2019-11-25 04:25:00,23.25
2019-11-25 04:30:00,23.25
2019-11-25 04:35:00,24.53
2019-11-25 04:40:00,24.53
2019-11-25 04:45:00,24.53
2019-11-25 04:50:00,24.65
2019-11-25 04:55:00,24.77
2019-11-25 05:00:00,24.77
2019-11-25 05:05:00,20.81
2019-11-25 05:10:00,20.81
2019-11-25 05:15:00,23.43
2019-11-25 05:20:00,23.42
2019-11-25 05:25:00,23.42
2019-11-25 05:30:00,23.42
2019-11-25 05:35:00,27.32
2019-11-25 05:40:00,27.32
2019-11-25 05:45:00,27.32
2019-11-25 05:50:00,44.41
2019-11-25 05:55:00,44.41
2019-11-25 06:00:00,44.41
2019-11-25 06:05:00,48.92
2019-11-25 06:10:00,48.92
2019-11-25 06:15:00,47.93
2019-11-25 06:20:00,47.59
2019-11-25 06:25:00,48.07
2019-11-25 06:30:00,48.1
2019-11-25 06:35:00,49.69
2019-11-25 06:40:00,49.69
2019-11-25 06:45:00,49.52
2019-11-25 06:50:00,49.52
2019-11-25 06:55:00,51.81
2019-11-25 07:00:00,51.81
2019-11-25 07:05:00,49.68
2019-11-25 07:10:00,49.68
2019-11-25 07:15:00,49.68
2019-11-25 07:20:00,49.68
2019-11-25 07:25:00,50.82
2019-11-25 07:30:00,50.82
2019-11-25 07:35:00,50.82
2019-11-25 07:40:00,48.69
2019-11-25 07:45:00,48.69
2019-11-25 07:50:00,47.89
2019-11-25 07:55:00,47.89
2019-11-25 08:00:00,47.89
2019-11-25 08:05:00,47.89
2019-11-25 08:10:00,48.8
2019-11-25 08:15:00,48.8
2019-11-25 08:20:00,48.5
2019-11-25 08:25:00,43.02
2019-11-25 08:30:00,43.02
2019-11-25 08:35:00,43.02
2019-11-25 08:40:00,42.15
2019-11-25 08:45:00,42.15
2019-11-25 08:50:00,38.44
2019-11-25 08:55:00,48.66
2019-11-25 09:00:00,48.66
2019-11-25 09:05:00,48.66
2019-11-25 09:10:00,43.16
2019-11-25 09:15:00,37.16
2019-11-25 09:20:00,37.16
2019-11-25 09:25:00,37.31
2019-11-25 09:30:00,43.09
2019-11-25 09:35:00,26.29
2019-11-25 09:40:00,26.29
2019-11-25 09:45:00,26.29
2019-11-25 09:50:00,26.29
2019-11-25 09:55:00,25.12
2019-11-25 10:00:00,23.46
2019-11-25 10:05:00,24.44
2019-11-25 10:10:00,24.44
2019-11-25 10:15:00,22.71
2019-11-25 10:20:00,22.71
2019-11-25 10:25:00,23.16
2019-11-25 10:30:00,23.16
2019-11-25 10:35:00,22.67
2019-11-25 10:40:00,22.67
2019-11-25 10:45:00,22.67
2019-11-25 10:50:00,22.64
2019-11-25 10:55:00,22.64
2019-11-25 11:00:00,23.27
2019-11-25 11:05:00,23.27
2019-11-25 11:10:00,23.27
2019-11-25 11:15:00,23.27
2019-11-25 11:20:00,20.31
2019-11-25 11:25:00,20.31
2019-11-25 11:30:00,20.31
2019-11-25 11:35:00,22.67
2019-11-25 11:40:00,22.67
2019-11-25 11:45:00,22.67
2019-11-25 11:50:00,22.67
2019-11-25 11:55:00,22.67
2019-11-25 12:00:00,22.58
2019-11-25 12:05:00,22.57
2019-11-25 12:10:00,22.57
2019-11-25 12:15:00,22.57
2019-11-25 12:20:00,22.57
2019-11-25 12:25:00,22.13
2019-11-25 12:30:00,22.43
2019-11-25 12:35:00,22.43
2019-11-25 12:40:00,22.09
2019-11-25 12:45:00,22.09
2019-11-25 12:50:00,22.63
2019-11-25 12:55:00,22.63
2019-11-25 13:00:00,20.25
2019-11-25 13:05:00,20.25
2019-11-25 13:10:00,20.25
2019-11-25 13:15:00,20.25
2019-11-25 13:20:00,20.25
2019-11-25 13:25:00,20.52
2019-11-25 13:30:00,20.16
2019-11-25 13:35:00,20.12
2019-11-25 13:40:00,20.12
2019-11-25 13:45:00,20.12
2019-11-25 13:50:00,20.12
2019-11-25 13:55:00,20.15
2019-11-25 14:00:00,20.89
2019-11-25 14:05:00,21.12
2019-11-25 14:10:00,21.12
2019-11-25 14:15:00,21.12
2019-11-25 14:20:00,21.12
2019-11-25 14:25:00,21.33
2019-11-25 14:30:00,21.97
2019-11-25 14:35:00,21.97
2019-11-25 14:40:00,21.97
2019-11-25 14:45:00,22.51
2019-11-25 14:50:00,22.51
2019-11-25 14:55:00,23.42
2019-11-25 15:00:00,23.42
2019-11-25 15:05:00,23.49
2019-11-25 15:10:00,23.49
2019-11-25 15:15:00,23.49
2019-11-25 15:20:00,24.16
2019-11-25 15:25:00,24.16
2019-11-25 15:30:00,24.16
2019-11-25 15:35:00,24.54
2019-11-25 15:40:00,23.36
2019-11-25 15:45:00,23.36
2019-11-25 15:50:00,24.49
2019-11-25 15:55:00,24.49
2019-11-25 16:00:00,23.26
2019-11-25 16:05:00,23.26
2019-11-25 16:10:00,23.26
2019-11-25 16:15:00,23.36
2019-11-25 16:20:00,23.36
2019-11-25 16:25:00,25.15
2019-11-25 16:30:00,25.15
2019-11-25 16:35:00,26.96
2019-11-25 16:40:00,26.96
2019-11-25 16:45:00,37.78
2019-11-25 16:50:00,37.8
2019-11-25 16:55:00,37.8
2019-11-25 17:00:00,35.76
2019-11-25 17:05:00,35.14
2019-11-25 17:10:00,38.07
2019-11-25 17:15:00,38.07
2019-11-25 17:20:00,32.95
2019-11-25 17:25:00,32.95
2019-11-25 17:30:00,32.38
2019-11-25 17:35:00,31.9
2019-11-25 17:40:00,31.9
2019-11-25 17:45:00,31.9
2019-11-25 17:50:00,30.33
2019-11-25 17:55:00,30.33
2019-11-25 18:00:00,28.3
2019-11-25 18:05:00,27.26
2019-11-25 18:10:00,27.26
2019-11-25 18:15:00,27.26
2019-11-25 18:20:00,26.55
2019-11-25 18:25:00,26.55
2019-11-25 18:30:00,26.83
2019-11-25 18:35:00,26.83
2019-11-25 18:40:00,26.83
2019-11-25 18:45:00,26.47
2019-11-25 18:50:00,26.47
2019-11-25 18:55:00,26.47
2019-11-25 19:00:00,31.67
2019-11-25 19:05:00,29.32
2019-11-25 19:10:00,33.43
2019-11-25 19:15:00,33.43
2019-11-25 19:20:00,30.49
2019-11-25 19:25:00,29.35
2019-11-25 19:30:00,33.42
2019-11-25 19:35:00,33.55
2019-11-25 19:40:00,33.55
2019-11-25 19:45:00,33.53
2019-11-25 19:50:00,33.53
2019-11-25 19:55:00,33.53
2019-11-25 20:00:00,33.53
2019-11-25 20:05:00,33.54
2019-11-25 20:10:00,33.54
2019-11-25 20:15:00,33.54
2019-11-25 20:20:00,29.32
2019-11-25 20:25:00,28.24
2019-11-25 20:30:00,28.24
2019-11-25 20:35:00,28.24
2019-11-25 20:40:00,28.24
2019-11-25 20:45:00,25.29
2019-11-25 20:50:00,25.93
2019-11-25 20:55:00,25.93
2019-11-25 21:00:00,25.93
2019-11-25 21:05:00,28.05
2019-11-25 21:10:00,33.57
2019-11-25 21:15:00,33.57
2019-11-25 21:20:00,35.85
2019-11-25 21:25:00,35.85
2019-11-25 21:30:00,35.85
2019-11-25 21:35:00,28.0
2019-11-25 21:40:00,28.0
2019-11-25 21:45:00,26.63
2019-11-25 21:50:00,26.63
2019-11-25 21:55:00,26.63
2019-11-25 22:00:00,25.15
2019-11-25 22:05:00,25.72
2019-11-25 22:10:00,26.29
2019-11-25 22:15:00,25.39
2019-11-25 22:20:00,24.5
2019-11-25 22:25:00,23.73
2019-11-25 22:30:00,20.28
2019-11-25 22:35:00,20.28
2019-11-25 22:40:00,20.28
2019-11-25 22:45:00,20.28
2019-11-25 22:50:00,20.14
2019-11-25 22:55:00,20.14
2019-11-25 23:00:00,18.18
2019-11-25 23:05:00,18.18
2019-11-25 23:10:00,18.18
2019-11-25 23:15:00,19.93
2019-11-25 23:20:00,19.94
2019-11-25 23:25:00,19.94
2019-11-25 23:30:00,19.94
2019-11-25 23:35:00,20.13
2019-11-25 23:40:00,20.13
2019-11-25 23:45:00,20.13
2019-11-25 23:50:00,18.93
2019-11-25 23:55:00,18.93
2019-11-26 00:00:00,18.93
2019-11-26 00:05:00,21.17
2019-11-26 00:10:00,21.17
2019-11-26 00:15:00,21.17
2019-11-26 00:20:00,23.33
2019-11-26 00:25:00,21.55
2019-11-26 00:30:00,21.73
2019-11-26 00:35:00,23.03
2019-11-26 00:40:00,23.03
2019-11-26 00:45:00,23.03
2019-11-26 00:50:00,21.77
2019-11-26 00:55:00,21.77
2019-11-26 01:00:00,21.77
2019-11-26 01:05:00,21.54
2019-11-26 01:10:00,21.54
2019-11-26 01:15:00,21.54
2019-11-26 01:20:00,21.47
2019-11-26 01:25:00,21.47
2019-11-26 01:30:00,21.47
2019-11-26 01:35:00,21.4
2019-11-26 01:40:00,21.4
2019-11-26 01:45:00,21.32
2019-11-26 01:50:00,21.32
2019-11-26 01:55:00,21.32
2019-11-26 02:00:00,21.23
2019-11-26 02:05:00,21.23
2019-11-26 02:10:00,21.28
2019-11-26 02:15:00,21.28
2019-11-26 02:20:00,21.2
2019-11-26 02:25:00,21.2
2019-11-26 02:30:00,21.17
2019-11-26 02:35:00,21.17
2019-11-26 02:40:00,21.17
2019-11-26 02:45:00,21.15
2019-11-26 02:50:00,21.15
2019-11-26 02:55:00,21.15
2019-11-26 03:00:00,21.15
2019-11-26 03:05:00,21.15
2019-11-26 03:10:00,21.18
2019-11-26 03:15:00,21.18
2019-11-26 03:20:00,21.19
2019-11-26 03:25:00,21.19
2019-11-26 03:30:00,21.15
2019-11-26 03:35:00,21.15
2019-11-26 03:40:00,21.15
2019-11-26 03:45:00,21.15
2019-11-26 03:50:00,21.17
2019-11-26 03:55:00,21.17
2019-11-26 04:00:00,21.17
2019-11-26 04:05:00,20.38
2019-11-26 04:10:00,20.38
2019-11-26 04:15:00,21.2
2019-11-26 04:20:00,21.2
2019-11-26 04:25:00,21.2
2019-11-26 04:30:00,21.37
2019-11-26 04:35:00,21.37
2019-11-26 04:40:00,21.37
2019-11-26 04:45:00,21.81
2019-11-26 04:50:00,21.81
2019-11-26 04:55:00,21.81
2019-11-26 05:00:00,21.69
2019-11-26 05:05:00,21.7
2019-11-26 05:10:00,21.7
2019-11-26 05:15:00,21.7
2019-11-26 05:20:00,23.8
2019-11-26 05:25:00,23.8
2019-11-26 05:30:00,23.72
2019-11-26 05:35:00,23.72
2019-11-26 05:40:00,23.72
2019-11-26 05:45:00,23.72
2019-11-26 05:50:00,24.88
2019-11-26 05:55:00,24.88
2019-11-26 06:00:00,24.88
2019-11-26 06:05:00,40.51
2019-11-26 06:10:00,40.51
2019-11-26 06:15:00,25.05
2019-11-26 06:20:00,26.07
2019-11-26 06:25:00,26.07
2019-11-26 06:30:00,26.07
2019-11-26 06:35:00,37.11
2019-11-26 06:40:00,37.11
2019-11-26 06:45:00,37.11
2019-11-26 06:50:00,40.76
2019-11-26 06:55:00,40.76
2019-11-26 07:00:00,40.76
2019-11-26 07:05:00,40.76
2019-11-26 07:10:00,34.75
2019-11-26 07:15:00,34.75
2019-11-26 07:20:00,34.78
2019-11-26 07:25:00,34.78
2019-11-26 07:30:00,34.78
2019-11-26 07:35:00,29.79
2019-11-26 07:40:00,29.79
2019-11-26 07:45:00,29.79
2019-11-26 07:50:00,28.43
2019-11-26 07:55:00,28.43
2019-11-26 08:00:00,28.43
2019-11-26 08:05:00,37.44
2019-11-26 08:10:00,37.3
2019-11-26 08:15:00,37.3
2019-11-26 08:20:00,47.05
2019-11-26 08:25:00,47.05
2019-11-26 08:30:00,44.45
2019-11-26 08:35:00,44.45
2019-11-26 08:40:00,45.32
2019-11-26 08:45:00,45.32
2019-11-26 08:50:00,45.14
2019-11-26 08:55:00,45.27
2019-11-26 09:00:00,45.27
2019-11-26 09:05:00,45.05
2019-11-26 09:10:00,45.05
2019-11-26 09:15:00,45.05
2019-11-26 09:20:00,45.05
2019-11-26 09:25:00,36.51
2019-11-26 09:30:00,36.51
2019-11-26 09:35:00,28.64
2019-11-26 09:40:00,35.72
2019-11-26 09:45:00,35.72
2019-11-26 09:50:00,26.08
2019-11-26 09:55:00,26.08
2019-11-26 10:00:00,27.39
2019-11-26 10:05:00,34.76
2019-11-26 10:10:00,36.36
2019-11-26 10:15:00,36.36
2019-11-26 10:20:00,36.0
2019-11-26 10:25:00,36.0
2019-11-26 10:30:00,36.0
2019-11-26 10:35:00,36.0
2019-11-26 10:40:00,35.95
2019-11-26 10:45:00,35.95
2019-11-26 10:50:00,35.44
2019-11-26 10:55:00,35.44
2019-11-26 11:00:00,35.44
2019-11-26 11:05:00,46.48
2019-11-26 11:10:00,46.48
2019-11-26 11:15:00,25.05
2019-11-26 11:20:00,24.83
2019-11-26 11:25:00,24.83
2019-11-26 11:30:00,25.24
2019-11-26 11:35:00,25.24
2019-11-26 11:40:00,42.24
2019-11-26 11:45:00,42.24
2019-11-26 11:50:00,42.24
2019-11-26 11:55:00,41.44
2019-11-26 12:00:00,41.44
2019-11-26 12:05:00,37.46
2019-11-26 12:10:00,37.46
2019-11-26 12:15:00,37.46
2019-11-26 12:20:00,36.4
2019-11-26 12:25:00,36.4
2019-11-26 12:30:00,36.4
2019-11-26 12:35:00,35.7
2019-11-26 12:40:00,36.46
2019-11-26 12:45:00,36.46
2019-11-26 12:50:00,53.88
2019-11-26 12:55:00,36.54
2019-11-26 13:00:00,36.54
2019-11-26 13:05:00,44.11
2019-11-26 13:10:00,44.13
2019-11-26 13:15:00,44.13
2019-11-26 13:20:00,46.56
2019-11-26 13:25:00,46.56
2019-11-26 13:30:00,46.56
2019-11-26 13:35:00,51.88
2019-11-26 13:40:00,51.88
2019-11-26 13:45:00,51.88
2019-11-26 13:50:00,46.58
2019-11-26 13:55:00,51.85
2019-11-26 14:00:00,51.85
2019-11-26 14:05:00,51.85
2019-11-26 14:10:00,46.58
2019-11-26 14:15:00,46.58
2019-11-26 14:20:00,54.78
2019-11-26 14:25:00,54.78
2019-11-26 14:30:00,54.78
2019-11-26 14:35:00,54.78
2019-11-26 14:40:00,56.87
2019-11-26 14:45:00,56.87
2019-11-26 14:50:00,56.91
2019-11-26 14:55:00,56.91
2019-11-26 15:00:00,56.91
2019-11-26 15:05:00,43.46
2019-11-26 15:10:00,43.46
2019-11-26 15:15:00,43.46
2019-11-26 15:20:00,60.32
2019-11-26 15:25:00,53.85
2019-11-26 15:30:00,53.89
2019-11-26 15:35:00,53.89
2019-11-26 15:40:00,46.62
2019-11-26 15:45:00,46.62
2019-11-26 15:50:00,41.37
2019-11-26 15:55:00,41.37
2019-11-26 16:00:00,41.37
2019-11-26 16:05:00,41.37
2019-11-26 16:10:00,39.16
2019-11-26 16:15:00,34.82
2019-11-26 16:20:00,34.82
2019-11-26 16:25:00,63.97
2019-11-26 16:30:00,63.97
2019-11-26 16:35:00,63.97
2019-11-26 16:40:00,68.07
2019-11-26 16:45:00,68.07
2019-11-26 16:50:00,68.07
2019-11-26 16:55:00,68.07
2019-11-26 17:00:00,68.07
2019-11-26 17:05:00,45.08
2019-11-26 17:10:00,44.73
2019-11-26 17:15:00,44.73
2019-11-26 17:20:00,44.45
2019-11-26 17:25:00,33.86
2019-11-26 17:30:00,27.09
2019-11-26 17:35:00,27.09
2019-11-26 17:40:00,27.41
2019-11-26 17:45:00,27.41
2019-11-26 17:50:00,25.88
2019-11-26 17:55:00,25.88
2019-11-26 18:00:00,25.88
2019-11-26 18:05:00,28.2
2019-11-26 18:10:00,28.2
2019-11-26 18:15:00,26.82
2019-11-26 18:20:00,26.82
2019-11-26 18:25:00,28.17
2019-11-26 18:30:00,28.17
2019-11-26 18:35:00,27.5
2019-11-26 18:40:00,27.5
2019-11-26 18:45:00,27.5
2019-11-26 18:50:00,27.5
2019-11-26 18:55:00,26.64
2019-11-26 19:00:00,26.64
2019-11-26 19:05:00,28.43
2019-11-26 19:10:00,28.43
2019-11-26 19:15:00,28.43
2019-11-26 19:20:00,26.71
2019-11-26 19:25:00,26.71
2019-11-26 19:30:00,26.71
2019-11-26 19:35:00,26.72
2019-11-26 19:40:00,26.72
2019-11-26 19:45:00,26.72
2019-11-26 19:50:00,25.01
2019-11-26 19:55:00,25.01
2019-11-26 20:00:00,25.01
2019-11-26 20:05:00,26.62
2019-11-26 20:10:00,24.58
2019-11-26 20:15:00,24.58
2019-11-26 20:20:00,24.49
2019-11-26 20:25:00,24.49
2019-11-26 20:30:00,24.49
2019-11-26 20:35:00,24.21
2019-11-26 20:40:00,24.21
2019-11-26 20:45:00,24.21
2019-11-26 20:50:00,23.41
2019-11-26 20:55:00,23.41
2019-11-26 21:00:00,23.41
2019-11-26 21:05:00,22.52
2019-11-26 21:10:00,23.9
2019-11-26 21:15:00,23.9
2019-11-26 21:20:00,23.23
2019-11-26 21:25:00,25.0
2019-11-26 21:30:00,24.7
2019-11-26 21:35:00,24.38
2019-11-26 21:40:00,24.38
2019-11-26 21:45:00,24.38
2019-11-26 21:50:00,23.35
2019-11-26 21:55:00,23.35
2019-11-26 22:00:00,23.35
2019-11-26 22:05:00,23.5
2019-11-26 22:10:00,24.14
2019-11-26 22:15:00,24.14
2019-11-26 22:20:00,22.51
2019-11-26 22:25:00,22.51
2019-11-26 22:30:00,22.51
2019-11-26 22:35:00,22.5
2019-11-26 22:40:00,22.46
2019-11-26 22:45:00,22.46
2019-11-26 22:50:00,21.81
2019-11-26 22:55:00,21.57
2019-11-26 23:00:00,21.57
2019-11-26 23:05:00,22.42
2019-11-26 23:10:00,22.47
2019-11-26 23:15:00,22.47
2019-11-26 23:20:00,23.05
2019-11-26 23:25:00,23.05
2019-11-26 23:30:00,22.48
2019-11-26 23:35:00,23.46
2019-11-26 23:40:00,23.46
2019-11-26 23:45:00,23.46
2019-11-26 23:50:00,21.83
2019-11-26 23:55:00,22.92
2019-11-27 00:00:00,22.92
2019-11-27 00:05:00,26.06
2019-11-27 00:10:00,25.98
2019-11-27 00:15:00,25.98
2019-11-27 00:20:00,22.19
2019-11-27 00:25:00,24.99
2019-11-27 00:30:00,22.0
2019-11-27 00:35:00,22.07
2019-11-27 00:40:00,22.07
2019-11-27 00:45:00,22.07
2019-11-27 00:50:00,22.06
2019-11-27 00:55:00,22.06
2019-11-27 01:00:00,22.06
2019-11-27 01:05:00,18.04
2019-11-27 01:10:00,18.04
2019-11-27 01:15:00,18.04
2019-11-27 01:20:00,21.69
2019-11-27 01:25:00,21.0
2019-11-27 01:30:00,21.71
2019-11-27 01:35:00,21.69
2019-11-27 01:40:00,21.69
2019-11-27 01:45:00,21.69
2019-11-27 01:50:00,21.58
2019-11-27 01:55:00,21.58
2019-11-27 02:00:00,21.58
2019-11-27 02:05:00,19.78
2019-11-27 02:10:00,19.78
2019-11-27 02:15:00,19.78
2019-11-27 02:20:00,19.77
2019-11-27 02:25:00,19.77
2019-11-27 02:30:00,19.77
2019-11-27 02:35:00,19.77
2019-11-27 02:40:00,19.77
2019-11-27 02:45:00,19.77
2019-11-27 02:50:00,19.78
2019-11-27 02:55:00,19.78
2019-11-27 03:00:00,19.11
2019-11-27 03:05:00,19.33
2019-11-27 03:10:00,19.33
2019-11-27 03:15:00,19.33
2019-11-27 03:20:00,19.1
2019-11-27 03:25:00,19.1
2019-11-27 03:30:00,19.1
2019-11-27 03:35:00,19.09
2019-11-27 03:40:00,17.49
2019-11-27 03:45:00,19.09
2019-11-27 03:50:00,19.31
2019-11-27 03:55:00,19.31
2019-11-27 04:00:00,19.31
2019-11-27 04:05:00,20.7
2019-11-27 04:10:00,20.7
2019-11-27 04:15:00,20.7
2019-11-27 04:20:00,21.83
2019-11-27 04:25:00,21.83
2019-11-27 04:30:00,21.83
2019-11-27 04:35:00,21.93
2019-11-27 04:40:00,21.93
2019-11-27 04:45:00,23.28
2019-11-27 04:50:00,23.9
2019-11-27 04:55:00,23.28
2019-11-27 05:00:00,23.28
2019-11-27 05:05:00,20.84
2019-11-27 05:10:00,20.83
2019-11-27 05:15:00,20.83
2019-11-27 05:20:00,22.24
2019-11-27 05:25:00,22.29
2019-11-27 05:30:00,22.29
2019-11-27 05:35:00,26.42
2019-11-27 05:40:00,26.42
2019-11-27 05:45:00,26.42
2019-11-27 05:50:00,26.68
2019-11-27 05:55:00,26.68
2019-11-27 06:00:00,27.47
2019-11-27 06:05:00,27.47
2019-11-27 06:10:00,27.47
2019-11-27 06:15:00,27.09
2019-11-27 06:20:00,37.52
2019-11-27 06:25:00,27.28
2019-11-27 06:30:00,27.28
2019-11-27 06:35:00,31.11
2019-11-27 06:40:00,31.11
2019-11-27 06:45:00,31.11
2019-11-27 06:50:00,29.46
2019-11-27 06:55:00,29.46
2019-11-27 07:00:00,29.46
2019-11-27 07:05:00,29.46
2019-11-27 07:10:00,39.0
2019-11-27 07:15:00,36.61
2019-11-27 07:20:00,36.61
2019-11-27 07:25:00,31.71
2019-11-27 07:30:00,38.4
2019-11-27 07:35:00,38.4
2019-11-27 07:40:00,31.73
2019-11-27 07:45:00,31.73
2019-11-27 07:50:00,26.08
2019-11-27 07:55:00,26.08
2019-11-27 08:00:00,26.08
2019-11-27 08:05:00,24.47
2019-11-27 08:10:00,24.47
2019-11-27 08:15:00,24.47
2019-11-27 08:20:00,24.47
2019-11-27 08:25:00,31.55
2019-11-27 08:30:00,31.55
2019-11-27 08:35:00,27.86
2019-11-27 08:40:00,27.86
2019-11-27 08:45:00,28.99
2019-11-27 08:50:00,28.05
2019-11-27 08:55:00,28.05
2019-11-27 09:00:00,28.05
2019-11-27 09:05:00,28.05
2019-11-27 09:10:00,28.05
2019-11-27 09:15:00,28.05
2019-11-27 09:20:00,28.05
2019-11-27 09:25:00,28.05
2019-11-27 09:30:00,27.7
2019-11-27 09:35:00,27.7
2019-11-27 09:40:00,26.48
2019-11-27 09:45:00,26.48
2019-11-27 09:50:00,26.52
2019-11-27 09:55:00,26.52
2019-11-27 10:00:00,30.86
2019-11-27 10:05:00,31.44
2019-11-27 10:10:00,31.44
2019-11-27 10:15:00,34.15
2019-11-27 10:20:00,32.28
2019-11-27 10:25:00,32.28
2019-11-27 10:30:00,32.28
2019-11-27 10:35:00,32.32
2019-11-27 10:40:00,32.32
2019-11-27 10:45:00,31.83
2019-11-27 10:50:00,31.83
2019-11-27 10:55:00,31.83
2019-11-27 11:00:00,31.83
2019-11-27 11:05:00,34.16
2019-11-27 11:10:00,34.16
2019-11-27 11:15:00,34.16
2019-11-27 11:20:00,34.16
2019-11-27 11:25:00,34.16
2019-11-27 11:30:00,31.82
2019-11-27 11:35:00,31.82
2019-11-27 11:40:00,31.82
2019-11-27 11:45:00,31.82
2019-11-27 11:50:00,28.41
2019-11-27 11:55:00,28.41
2019-11-27 12:00:00,28.41
2019-11-27 12:05:00,28.41
2019-11-27 12:10:00,29.36
2019-11-27 12:15:00,29.36
2019-11-27 12:20:00,31.32
2019-11-27 12:25:00,31.32
2019-11-27 12:30:00,31.32
2019-11-27 12:35:00,31.23
2019-11-27 12:40:00,31.23
2019-11-27 12:45:00,31.3
2019-11-27 12:50:00,31.3
2019-11-27 12:55:00,31.3
2019-11-27 13:00:00,31.3
2019-11-27 13:05:00,27.87
2019-11-27 13:10:00,27.87
2019-11-27 13:15:00,27.79
2019-11-27 13:20:00,27.79
2019-11-27 13:25:00,27.79
2019-11-27 13:30:00,27.79
2019-11-27 13:35:00,27.65
2019-11-27 13:40:00,27.65
2019-11-27 13:45:00,27.65
2019-11-27 13:50:00,27.65
2019-11-27 13:55:00,27.65
2019-11-27 14:00:00,26.02
2019-11-27 14:05:00,27.1
2019-11-27 14:10:00,27.1
2019-11-27 14:15:00,27.1
2019-11-27 14:20:00,27.1
2019-11-27 14:25:00,31.29
2019-11-27 14:30:00,31.29
2019-11-27 14:35:00,33.04
2019-11-27 14:40:00,33.04
2019-11-27 14:45:00,33.04
2019-11-27 14:50:00,33.77
2019-11-27 14:55:00,33.77
2019-11-27 15:00:00,33.77
2019-11-27 15:05:00,33.77
2019-11-27 15:10:00,31.32
2019-11-27 15:15:00,31.32
2019-11-27 15:20:00,26.07
2019-11-27 15:25:00,26.07
2019-11-27 15:30:00,26.07
2019-11-27 15:35:00,26.7
2019-11-27 15:40:00,26.7
2019-11-27 15:45:00,26.7
2019-11-27 15:50:00,34.75
2019-11-27 15:55:00,34.75
2019-11-27 16:00:00,34.75
2019-11-27 16:05:00,35.93
2019-11-27 16:10:00,35.93
2019-11-27 16:15:00,35.93
2019-11-27 16:20:00,35.93
2019-11-27 16:25:00,38.99
2019-11-27 16:30:00,38.99
2019-11-27 16:35:00,40.58
2019-11-27 16:40:00,40.58
2019-11-27 16:45:00,40.58
2019-11-27 16:50:00,44.05
2019-11-27 16:55:00,44.05
2019-11-27 17:00:00,44.05
2019-11-27 17:05:00,44.05
2019-11-27 17:10:00,49.85
2019-11-27 17:15:00,44.62
2019-11-27 17:20:00,44.56
2019-11-27 17:25:00,44.56
2019-11-27 17:30:00,44.56
2019-11-27 17:35:00,44.67
2019-11-27 17:40:00,44.67
2019-11-27 17:45:00,44.67
2019-11-27 17:50:00,40.62
2019-11-27 17:55:00,40.62
2019-11-27 18:00:00,40.62
2019-11-27 18:05:00,40.53
2019-11-27 18:10:00,38.91
2019-11-27 18:15:00,38.91
2019-11-27 18:20:00,40.64
2019-11-27 18:25:00,40.64
2019-11-27 18:30:00,40.64
2019-11-27 18:35:00,40.64
2019-11-27 18:40:00,31.6
2019-11-27 18:45:00,31.6
2019-11-27 18:50:00,27.17
2019-11-27 18:55:00,27.17
2019-11-27 19:00:00,31.41
2019-11-27 19:05:00,31.41
2019-11-27 19:10:00,31.41
2019-11-27 19:15:00,31.41
2019-11-27 19:20:00,23.67
2019-11-27 19:25:00,23.67
2019-11-27 19:30:00,23.67
2019-11-27 19:35:00,21.49
2019-11-27 19:40:00,21.49
2019-11-27 19:45:00,22.45
2019-11-27 19:50:00,22.45
2019-11-27 19:55:00,22.46
2019-11-27 20:00:00,23.19
2019-11-27 20:05:00,23.19
2019-11-27 20:10:00,23.12
2019-11-27 20:15:00,23.08
2019-11-27 20:20:00,23.65
2019-11-27 20:25:00,23.31
2019-11-27 20:30:00,23.31
2019-11-27 20:35:00,23.31
2019-11-27 20:40:00,22.65
2019-11-27 20:45:00,22.65
2019-11-27 20:50:00,22.56
2019-11-27 20:55:00,22.56
2019-11-27 21:00:00,23.47
2019-11-27 21:05:00,23.47
2019-11-27 21:10:00,36.8
2019-11-27 21:15:00,36.8
2019-11-27 21:20:00,25.06
2019-11-27 21:25:00,25.06
2019-11-27 21:30:00,24.63
2019-11-27 21:35:00,22.65
2019-11-27 21:40:00,22.65
2019-11-27 21:45:00,22.21
2019-11-27 21:50:00,22.21
2019-11-27 21:55:00,22.21
2019-11-27 22:00:00,23.48
2019-11-27 22:05:00,24.7
2019-11-27 22:10:00,24.7
2019-11-27 22:15:00,24.7
2019-11-27 22:20:00,23.72
2019-11-27 22:25:00,23.72
2019-11-27 22:30:00,27.73
2019-11-27 22:35:00,60.49
2019-11-27 22:40:00,24.89
2019-11-27 22:45:00,24.89
2019-11-27 22:50:00,22.59
2019-11-27 22:55:00,18.8
2019-11-27 23:00:00,18.8
2019-11-27 23:05:00,18.8
2019-11-27 23:10:00,22.52
2019-11-27 23:15:00,18.58
2019-11-27 23:20:00,23.3
2019-11-27 23:25:00,23.3
2019-11-27 23:30:00,20.58
2019-11-27 23:35:00,20.58
2019-11-27 23:40:00,20.58
2019-11-27 23:45:00,18.03
2019-11-27 23:50:00,18.03
2019-11-27 23:55:00,18.23
2019-11-28 00:00:00,19.1
2019-11-28 00:05:00,25.73
2019-11-28 00:10:00,25.73
2019-11-28 00:15:00,25.96
2019-11-28 00:20:00,20.5
2019-11-28 00:25:00,20.5
2019-11-28 00:30:00,20.5
2019-11-28 00:35:00,20.5
2019-11-28 00:40:00,25.64
2019-11-28 00:45:00,25.64
2019-11-28 00:50:00,19.66
2019-11-28 00:55:00,20.16
2019-11-28 01:00:00,20.16
2019-11-28 01:05:00,25.61
2019-11-28 01:10:00,17.71
2019-11-28 01:15:00,19.66
2019-11-28 01:20:00,19.66
2019-11-28 01:25:00,19.66
2019-11-28 01:30:00,19.07
2019-11-28 01:35:00,19.63
2019-11-28 01:40:00,19.63
2019-11-28 01:45:00,19.63
2019-11-28 01:50:00,19.0
2019-11-28 01:55:00,19.0
2019-11-28 02:00:00,14.99
2019-11-28 02:05:00,14.99
2019-11-28 02:10:00,18.29
2019-11-28 02:15:00,18.29
2019-11-28 02:20:00,18.29
2019-11-28 02:25:00,18.29
2019-11-28 02:30:00,15.01
2019-11-28 02:35:00,15.01
2019-11-28 02:40:00,19.16
2019-11-28 02:45:00,19.16
2019-11-28 02:50:00,18.33
2019-11-28 02:55:00,18.33
2019-11-28 03:00:00,18.4
2019-11-28 03:05:00,18.4
2019-11-28 03:10:00,18.4
2019-11-28 03:15:00,12.53
2019-11-28 03:20:00,12.53
2019-11-28 03:25:00,12.53
2019-11-28 03:30:00,17.61
2019-11-28 03:35:00,17.61
2019-11-28 03:40:00,17.65
2019-11-28 03:45:00,17.65
2019-11-28 03:50:00,17.66
2019-11-28 03:55:00,17.66
2019-11-28 04:00:00,17.66
2019-11-28 04:05:00,17.66
2019-11-28 04:10:00,17.72
2019-11-28 04:15:00,17.72
2019-11-28 04:20:00,17.72
2019-11-28 04:25:00,17.96
2019-11-28 04:30:00,17.96
2019-11-28 04:35:00,18.3
2019-11-28 04:40:00,18.3
2019-11-28 04:45:00,18.3
2019-11-28 04:50:00,18.3
2019-11-28 04:55:00,19.61
2019-11-28 05:00:00,19.61
2019-11-28 05:05:00,19.16
2019-11-28 05:10:00,19.16
2019-11-28 05:15:00,19.64
2019-11-28 05:20:00,19.64
2019-11-28 05:25:00,19.25
2019-11-28 05:30:00,19.25
2019-11-28 05:35:00,19.25
2019-11-28 05:40:00,19.25
2019-11-28 05:45:00,20.16
2019-11-28 05:50:00,20.16
2019-11-28 05:55:00,20.14
2019-11-28 06:00:00,20.14
2019-11-28 06:05:00,20.14
2019-11-28 06:10:00,20.14
2019-11-28 06:15:00,20.16
2019-11-28 06:20:00,20.16
2019-11-28 06:25:00,20.15
2019-11-28 06:30:00,20.15
2019-11-28 06:35:00,20.15
2019-11-28 06:40:00,20.15
2019-11-28 06:45:00,19.19
2019-11-28 06:50:00,20.48
2019-11-28 06:55:00,20.48
2019-11-28 07:00:00,20.48
2019-11-28 07:05:00,20.55
2019-11-28 07:10:00,21.32
2019-11-28 07:15:00,21.32
2019-11-28 07:20:00,21.41
2019-11-28 07:25:00,21.46
2019-11-28 07:30:00,21.62
2019-11-28 07:35:00,21.08
2019-11-28 07:40:00,21.08
2019-11-28 07:45:00,22.6
2019-11-28 07:50:00,22.6
2019-11-28 07:55:00,23.43
2019-11-28 08:00:00,23.43
2019-11-28 08:05:00,25.5
2019-11-28 08:10:00,26.54
2019-11-28 08:15:00,25.31
2019-11-28 08:20:00,23.45
2019-11-28 08:25:00,31.36
2019-11-28 08:30:00,31.36
2019-11-28 08:35:00,31.36
2019-11-28 08:40:00,38.15
2019-11-28 08:45:00,41.49
2019-11-28 08:50:00,41.47
2019-11-28 08:55:00,41.48
2019-11-28 09:00:00,42.52
2019-11-28 09:05:00,47.05
2019-11-28 09:10:00,47.05
2019-11-28 09:15:00,47.05
2019-11-28 09:20:00,47.28
2019-11-28 09:25:00,47.28
2019-11-28 09:30:00,40.87
2019-11-28 09:35:00,40.98
2019-11-28 09:40:00,41.07
2019-11-28 09:45:00,41.15
2019-11-28 09:50:00,41.82
2019-11-28 09:55:00,41.82
2019-11-28 10:00:00,41.82
2019-11-28 10:05:00,37.37
2019-11-28 10:10:00,37.43
2019-11-28 10:15:00,37.43
2019-11-28 10:20:00,37.28
2019-11-28 10:25:00,37.28
2019-11-28 10:30:00,48.18
2019-11-28 10:35:00,49.35
2019-11-28 10:40:00,48.18
2019-11-28 10:45:00,48.15
2019-11-28 10:50:00,48.15
2019-11-28 10:55:00,48.17
2019-11-28 11:00:00,48.17
2019-11-28 11:05:00,42.86
2019-11-28 11:10:00,51.59
2019-11-28 11:15:00,51.59
2019-11-28 11:20:00,51.59
2019-11-28 11:25:00,37.56
2019-11-28 11:30:00,37.56
2019-11-28 11:35:00,37.56
2019-11-28 11:40:00,37.57
2019-11-28 11:45:00,37.57
2019-11-28 11:50:00,37.57
2019-11-28 11:55:00,37.57
2019-11-28 12:00:00,37.57
2019-11-28 12:05:00,35.33
2019-11-28 12:10:00,37.42
2019-11-28 12:15:00,37.42
2019-11-28 12:20:00,37.68
2019-11-28 12:25:00,37.68
2019-11-28 12:30:00,37.68
2019-11-28 12:35:00,37.68
2019-11-28 12:40:00,37.44
2019-11-28 12:45:00,37.44
2019-11-28 12:50:00,37.44
2019-11-28 12:55:00,25.66
2019-11-28 13:00:00,25.66
2019-11-28 13:05:00,25.66
2019-11-28 13:10:00,23.47
2019-11-28 13:15:00,23.47
2019-11-28 13:20:00,23.47
2019-11-28 13:25:00,23.47
2019-11-28 13:30:00,21.78
2019-11-28 13:35:00,21.78
2019-11-28 13:40:00,21.78
2019-11-28 13:45:00,21.49
2019-11-28 13:50:00,21.45
2019-11-28 13:55:00,21.45
2019-11-28 14:00:00,21.12
2019-11-28 14:05:00,21.12
2019-11-28 14:10:00,21.76
2019-11-28 14:15:00,21.76
2019-11-28 14:20:00,21.79
2019-11-28 14:25:00,21.06
2019-11-28 14:30:00,20.97
2019-11-28 14:35:00,20.88
2019-11-28 14:40:00,20.88
2019-11-28 14:45:00,20.74
2019-11-28 14:50:00,20.79
2019-11-28 14:55:00,20.79
2019-11-28 15:00:00,20.84
2019-11-28 15:05:00,20.84
2019-11-28 15:10:00,20.88
2019-11-28 15:15:00,20.88
2019-11-28 15:20:00,20.75
2019-11-28 15:25:00,20.75
2019-11-28 15:30:00,20.91
2019-11-28 15:35:00,20.91
2019-11-28 15:40:00,21.85
2019-11-28 15:45:00,21.85
2019-11-28 15:50:00,21.83
2019-11-28 15:55:00,21.86
2019-11-28 16:00:00,21.86
2019-11-28 16:05:00,21.0
2019-11-28 16:10:00,20.97
2019-11-28 16:15:00,20.97
2019-11-28 16:20:00,21.11
2019-11-28 16:25:00,21.43
2019-11-28 16:30:00,21.54
2019-11-28 16:35:00,21.77
2019-11-28 16:40:00,21.77
2019-11-28 16:45:00,22.43
2019-11-28 16:50:00,22.43
2019-11-28 16:55:00,25.02
2019-11-28 17:00:00,25.03
2019-11-28 17:05:00,21.98
2019-11-28 17:10:00,21.98
2019-11-28 17:15:00,21.43
2019-11-28 17:20:00,21.43
2019-11-28 17:25:00,21.18
2019-11-28 17:30:00,20.94
2019-11-28 17:35:00,21.06
2019-11-28 17:40:00,21.06
2019-11-28 17:45:00,21.07
2019-11-28 17:50:00,21.07
2019-11-28 17:55:00,21.07
2019-11-28 18:00:00,21.03
2019-11-28 18:05:00,21.54
2019-11-28 18:10:00,21.54
2019-11-28 18:15:00,21.55
2019-11-28 18:20:00,21.46
2019-11-28 18:25:00,21.73
2019-11-28 18:30:00,21.73
2019-11-28 18:35:00,21.73
2019-11-28 18:40:00,21.73
2019-11-28 18:45:00,21.52
2019-11-28 18:50:00,21.52
2019-11-28 18:55:00,21.77
2019-11-28 19:00:00,21.77
2019-11-28 19:05:00,22.18
2019-11-28 19:10:00,22.18
2019-11-28 19:15:00,22.13
2019-11-28 19:20:00,22.13
2019-11-28 19:25:00,22.13
2019-11-28 19:30:00,22.13
2019-11-28 19:35:00,21.86
2019-11-28 19:40:00,21.86
2019-11-28 19:45:00,21.83
2019-11-28 19:50:00,21.83
2019-11-28 19:55:00,21.83
2019-11-28 20:00:00,25.16
2019-11-28 20:05:00,25.16
2019-11-28 20:10:00,25.16
2019-11-28 20:15:00,33.86
2019-11-28 20:20:00,33.86
2019-11-28 20:25:00,33.86
2019-11-28 20:30:00,37.95
2019-11-28 20:35:00,23.3
2019-11-28 20:40:00,23.3
2019-11-28 20:45:00,23.3
2019-11-28 20:50:00,21.92
2019-11-28 20:55:00,21.92
2019-11-28 21:00:00,21.92
2019-11-28 21:05:00,32.07
2019-11-28 21:10:00,32.07
2019-11-28 21:15:00,32.07
2019-11-28 21:20:00,25.37
2019-11-28 21:25:00,25.37
2019-11-28 21:30:00,31.76
2019-11-28 21:35:00,31.76
2019-11-28 21:40:00,31.76
2019-11-28 21:45:00,31.76
2019-11-28 21:50:00,21.87
2019-11-28 21:55:00,21.87
2019-11-28 22:00:00,21.87
2019-11-28 22:05:00,21.45
2019-11-28 22:10:00,21.45
2019-11-28 22:15:00,21.45
2019-11-28 22:20:00,21.43
2019-11-28 22:25:00,21.43
2019-11-28 22:30:00,21.43
2019-11-28 22:35:00,20.94
2019-11-28 22:40:00,20.94
2019-11-28 22:45:00,20.94
2019-11-28 22:50:00,19.53
2019-11-28 22:55:00,19.53
2019-11-28 23:00:00,19.53
2019-11-28 23:05:00,20.51
2019-11-28 23:10:00,20.51
2019-11-28 23:15:00,20.51
2019-11-28 23:20:00,17.81
2019-11-28 23:25:00,17.81
2019-11-28 23:30:00,17.81
2019-11-28 23:35:00,19.63
2019-11-28 23:40:00,19.63
2019-11-28 23:45:00,20.12
2019-11-28 23:50:00,20.12
2019-11-28 23:55:00,20.12